Avg_stay,Total_stay
35.791666666666664,2577
43.044444444444444,3874
15.958333333333334,1149
29.14457831325301,2419
41.75824175824176,3800
31.583333333333332,2653
